<application>
  <component name="FindSettings">
    <option name="customScope" value="All Places" />
    <option name="defaultScopeName" value="All Places" />
    <option name="localRegularExpressions" value="true" />
    <option name="regularExpressions" value="true" />
    <option name="REGULAR_EXPRESSIONS" value="true" />
    <option name="LOCAL_REGULAR_EXPRESSIONS" value="true" />
    <option name="SEARCH_SCOPE" value="All Places" />
    <option name="FILE_MASK" value="*.java,!*Test.java" />
    <mask>!*.log</mask>
    <mask>*.feature</mask>
    <mask>pom.xml</mask>
    <mask>*.properties</mask>
    <mask>*.java,!*Test.java</mask>
  </component>
</application>